id,title,source,url,created,modified,notes,tags,name
2c6ae437-883b-4395-9780-23a16edb6720,Geschwindigkeitsanzeigedisplays,https://offenedaten-konstanz.de/dataset/geschwindigkeitsanzeigedisplays,https://offenedaten-konstanz.de/api/3/action/package_show?id=2c6ae437-883b-4395-9780-23a16edb6720,2021-10-06 08:56:36,2021-10-06 08:56:36,"<p>Das Bürgeramt ist derzeit im Besitz von 16 Geschwindigkeitsanzeigedisplays.</p>
<p>Die Geschwindigkeitsdisplays zeigen nicht nur lokal die Geschwindigkeiten für den individuellen Autofahrer, sondern speichern auch im 30-Minuten-Takt die Anzahl der Messungen, die niedrigste und höchste Geschwindigkeit in diesem Zeitraum, sowie die Durchschnittsgeschwindigkeit in diesem Zeitraum.</p>
<p>Hinweis: Aus den Geschwindigkeitsmessungen können keine Aussagen zu den Mengen an Verkehr abgeleitet werden, da bei sehr dichtem Verkehr dazwischen fahrende Fahrzeuge ggf. nicht aufgezeichnet werden.</p>
<p><a href=""https://offenedaten-konstanz.de/dataset/resource/50bd9645-f3c2-4c6d-abb9-83f33d52ddf9""><strong>In aggregierter Form als PDF finden sie den Datensatz hier</strong></a></p>
",['Transport und Verkehr'],geschwindigkeitsanzeigedisplays
688b6aca-7437-4006-94ad-204ac57a7a13,Öffentliche Einrichtungen,https://offenedaten-konstanz.de/dataset/ffentliche-einrichtungen,https://offenedaten-konstanz.de/api/3/action/package_show?id=688b6aca-7437-4006-94ad-204ac57a7a13,2021-09-10 08:54:50,2021-09-10 08:54:50,-,"['Infrastruktur, Bauen und Wohnen']",oeffentliche_einrichtungen
d7cb3b4e-8f74-49f9-a670-7f0b1c70ac37,Freizeiteinrichtungen,https://offenedaten-konstanz.de/dataset/freizeiteinrichtungen,https://offenedaten-konstanz.de/api/3/action/package_show?id=d7cb3b4e-8f74-49f9-a670-7f0b1c70ac37,2021-09-10 11:25:52,2021-09-10 11:25:52,-,"['Kultur, Freizeit, Sport und Tourismus']",freizeiteinrichtungen
c9743473-f836-4c90-85c9-88b4af0c06bf,Verkehr,https://offenedaten-konstanz.de/dataset/verkehr,https://offenedaten-konstanz.de/api/3/action/package_show?id=c9743473-f836-4c90-85c9-88b4af0c06bf,2021-09-10 11:42:35,2021-09-10 11:42:35,-,['Transport und Verkehr'],verkehr
02d3de3e-417a-446d-8d34-6e6bdb89510a,Parkplätze,https://offenedaten-konstanz.de/dataset/parkpl-tze,https://offenedaten-konstanz.de/api/3/action/package_show?id=02d3de3e-417a-446d-8d34-6e6bdb89510a,2021-09-13 16:23:49,2021-09-13 16:23:49,-,['Transport und Verkehr'],parkplaetze
212b3f66-56ff-4264-8039-f2eac31a037f,Kindertagesbetreuung - Einrichtungen,https://offenedaten-konstanz.de/dataset/kindertagesbetreuung-einrichtungen,https://offenedaten-konstanz.de/api/3/action/package_show?id=212b3f66-56ff-4264-8039-f2eac31a037f,2020-12-11 15:49:00,2020-12-11 15:49:00,"<p>In diesem Datensatz werde die insgesamt 60 Möglichkeiten zur Kinderbetreuung in Konstanz dargestellt. Darunter Kindergärten, Schülerhorts, Spielgruppen und Kinderkrippen.  Ausführliche Informationen zu den einzelnen Einrichtungen, wie die Öffnungszeiten und die Altersspanne der Kinder, sind jeweils einsehbar. Darüber hinaus werden Kontaktmöglichkeiten inklusive Adresse, E-Mail, Telefonnummer und ggf. Website, dargestellt</p>
","['Geo', 'Soziales', 'Infrastruktur, Bauen und Wohnen']",kindertagesbetreuung_einrichtungen
753b2e5f-06c5-4c4c-be79-3f49cfb66541,European Energy Award,https://offenedaten-konstanz.de/dataset/european-energy-award,https://offenedaten-konstanz.de/api/3/action/package_show?id=753b2e5f-06c5-4c4c-be79-3f49cfb66541,2021-03-31 19:28:28,2021-03-31 19:28:28,"<p>Der European Energy Award® (eea) ist ein Programm für umsetzungsorientierte Energie- und Klimaschutzpolitik in Städten, Gemeinden und Landkreisen. Er dient als Steuerungs- und Controllinginstrument der kommunalen Klimaschutz- und Energiepolitik, mit dem alle klima- und energierelevanten Aktivitäten systematisch erfasst, bewertet und kontinuierlich überprüft werden. Der eea unterstützt die Kommunen dabei, ihre Stärken, Schwächen und Verbesserungspotenziale systematisch zu identifizieren und Maßnahmen zur Steigerung der Energieeffizienz umzusetzen. Die Ergebnisse der Stadt Konstanz liegen hier im maschinenlesbaren Format vor. Konstanz nimmt seit 2007 am eea teil und wird dabei durch einen externen Berater unterstützt und fachlich begleitet.</p>
<p> </p>
<p>Zu Beginn wurde ein Energieteam innerhalb der Verwaltung gegründet, in welchem Vertreter aus verschiedenen Ämtern sowie der Stadtwerke unter Federführung des Amts für Stadtplanung und Umwelt zusammenarbeiten.</p>
<p> </p>
<p>Das wichtigste Werkzeug des eea-Programms ist der eea-Maßnahmenkatalog, der ca. 100 mögliche Maßnahmen aus sechs verschiedenen Handlungsfeldern umfasst und mit dessen Hilfe die Analyse- und Planungsprozesse durchgeführt werden.</p>
<p> </p>
<p>Auf der Basis der Ist-Analyse wurde ein energiepolitisches Arbeitsprogramm (Maßnahmenplan) für die Stadt Konstanz ausgearbeitet, in welchem für die einzelnen Handlungsfelder insgesamt etwa 40 Maßnahmen definiert wurden.</p>
<p> </p>
<p>Das energiepolitische Arbeitsprogramm für Konstanz wird jährlich fortgeschrieben. Dies geschieht im Rahmen eines internen Audits, zu dessen Anlass der Umsetzungsstand der Maßnahmen überprüft wird.</p>
<p> </p>
<p>Die Daten stammen aus den Berichten (internes Audit): <a href=""https://www.konstanz.de/start/leben+in+konstanz/european+energy+award.html"">https://www.konstanz.de/start/leben+in+konstanz/european+energy+award.html</a></p>
",['Umwelt und Klima'],european_energy_award
8b85886b-1760-48a7-8497-c2642f2f2095,Parkplaetze und Parkleitsystem,https://offenedaten-konstanz.de/dataset/parkplaetze-und-parkleitsystem,https://offenedaten-konstanz.de/api/3/action/package_show?id=8b85886b-1760-48a7-8497-c2642f2f2095,2020-11-27 17:57:01,2020-11-27 17:57:01,"<p dir=""ltr"">Hier finden Sie Informationen zum Parken in der Stadt Konstanz, inklusive Live-Daten über die aktuelle Belegung der Einrichtungen.</p>
<p>Hier finden Sie weitere Informationen dazu: <a href=""https://www.konstanz.de/leben+in+konstanz/parkleitsystem"">https://www.konstanz.de/leben+in+konstanz/parkleitsystem </a></p>
<p dir=""ltr"">Quellennachweis (Attributierung): </p>
<p dir=""ltr"">© Stadt Konstanz, Amt für Liegenschaften und Geoinformation </p>
<p> <a href=""https://konstanz.maps.arcgis.com/home/item.html?id=c5b612177d8641699f1e5e4968c1285a"">https://konstanz.maps.arcgis.com/home/item.html?id=c5b612177d8641699f1e5e4968c1285a</a></p>
","['Transport und Verkehr', 'Geo']",parken
48e22587-8756-46e6-9855-5f2b15844223,Echtzeit Fahrplanauskunft EFA-BW ,https://offenedaten-konstanz.de/dataset/echtzeit-fahrplanauskunft-efa-bw,https://offenedaten-konstanz.de/api/3/action/package_show?id=48e22587-8756-46e6-9855-5f2b15844223,2021-05-04 14:23:48,2021-05-04 14:23:48,"<p>Mit Open Service greifen Sie unmittelbar auf die landesweite Fahrplanauskunftssystem (EFA-BW) zu. Sie können mit Ihrer Anwendung fertige Fahrtempfehlungen abrufen, ohne sich Gedanken über Verkehrsbeschränkungen, Umsteigezeiten oder das Routing zu machen.</p>
<p>Nutzen Sie diese Schnittstelle, um ein neues Informationsangebot zu entwickeln. Die Daten werden in der gleichen Qualität angeboten, in der sie die Verkehrsunternehmen zur Fahrgastinformation einsetzen.</p>
<p>Als Zugang setzt MobiData BW eine herstellerneutrale Schnittstelle ein, die auch von anderen Betreibern von Auskunftssystemen angeboten wird, genannt TRIAS. Das Format dieser Schnittstelle ist vom Verband Deutscher Verkehrsunternehmen (VDV) in der VDV Schrift Nr. 431-2 dokumentiert. Diese Schnittstelle ersetzt die frühere EFA-API.</p>
<p>Zur Nutzung der API nehmen Sie bitte mit der unterschriebenen <a href=""https://www.mobidata-bw.de/data/Nutzungsbedingungen_Trias.pdf"">Nutzungsvereinbarung</a> Kontakt zu MobiData BW (<a href=""https://www.mobidata-bw.de/pages/kontakt"">Kontakt - MobiData BW (mobidata-bw.de)</a> auf. Sie erhalten dann den Zugangspunkt und einen API-Key zur kostenlosen Nutzung der Schnittstelle.</p>
",['Transport und Verkehr'],echtzeit_fahrplanauskunft
ee12c4b1-92a7-4ed7-a194-4d88fac1d185,enviroCar Floating Car Data,https://offenedaten-konstanz.de/dataset/envirocar-floating-car-data,https://offenedaten-konstanz.de/api/3/action/package_show?id=ee12c4b1-92a7-4ed7-a194-4d88fac1d185,2021-05-19 13:33:56,2021-05-19 13:33:56,"<p>enviroCar ist eine offene Citizen Science Plattform zum sammeln, teilen und analysieren von automobilen Fahrdaten (XFCD). Ein OBD (On-Board Diagnostics) Adapter wird genutzt um Daten wie Treibstoffverbrauch und Geschwindigkeit zu messen und diese via Bluetooth an die enviroCar mobile App zu kommunizieren. Mit der App können diese zunächst lokal gespeicherten Daten auf den envirocar Server hochgeladen werden um sie als Open Data anonymisiert für Analysen zur Verfügung zu stellen. Die Daten die über die API abgefragt werden können, enthalten für die internationalen georeferenzierten Fahrten u.a. Geschwindigkeiten, Treibstoffverbrauch und Kilometeranzahl.</p>
<p>Suche - mCloud: <a href=""https://www.mcloud.de/web/guest/suche/-/results/filter/latest/categories%3Aclimate/2/detail/1EB5D5D2-A04D-41BD-9CC3-9508B0A4F3C2"">https://www.mcloud.de/web/guest/suche/-/results/filter/latest/categories...</a></p>
<p>mFUND-Projekt: CITRAM - Citizen Science for Traffic Management, FKZ: 19F2068G</p>
",['Transport und Verkehr'],envirocar_floating
8743fd11-8f6b-46cb-8815-d942b9a45653,BICO2 Bilanzierung,https://offenedaten-konstanz.de/dataset/bico2-bilanzierung,https://offenedaten-konstanz.de/api/3/action/package_show?id=8743fd11-8f6b-46cb-8815-d942b9a45653,2020-08-18 08:51:58,2020-08-18 08:51:58,"<p>Mithilfe von Energie- und CO2-Bilanzen wird der Ist-Zustand bei Endenergieverbrauch, Einsatz erneuerbarer Energien und CO2-Emissionen in einer Kommune ermittelt und den unterschiedlichen Sektoren und Energieträgern zugeordnet.</p>
<p>Das Bilanzierungstool BICO2 BW wurde im Jahr 2010 vom ifeu im Auftrag des Umweltministeriums Baden-Württemberg entwickelt und in einer Pilotphase an Kommunen getestet. Ein wesentlicher Bestandteil des Projekts war die Verwendung landesspezifischer Daten zur Optimierung der Bilanzergebnisse. Im Rahmen des derzeitigen Projekts werden jährlich neue Bilanzjahre integriert und die Bilanzierungsmethode an die aktuellsten Entwicklungen der BISKO-Systematik (Bilanzierungssystematik Kommunal) angepasst. Das Tool enthält neben einer grafischen Aufbereitung der Ergebnisse auch das Indikatorenset des Benchmarks Kommunaler Klimaschutz sowie ein Exportblatt für den Covenant of Mayors.</p>
<p>Eine Gebrauchsanweisung sowie eine speziell für das Tool entwickelte Schulung unterstützen die Kommunen bei der Nutzung.</p>
<p>(Quelle: Stadt Konstanz, Stabsstelle Klimaschutz)</p>
<p> </p>
",['Umwelt und Klima'],bico2_bilanzierung
cfa342c8-0d19-4e6b-9de9-c41ec42d70e3,Radverkehr - Kampagne Stadtradeln ,https://offenedaten-konstanz.de/dataset/radverkehr-kampagne-stadtradeln,https://offenedaten-konstanz.de/api/3/action/package_show?id=cfa342c8-0d19-4e6b-9de9-c41ec42d70e3,2021-04-27 16:10:28,2021-04-27 16:10:28,"<p class=""Paragraph SCXW65666069 BCX9"" lang=""DE-DE"" paraeid=""{0758b3a7-68cb-4245-9ed3-426b1a0386cb}{147}"" paraid=""1893668362"" xml:lang=""DE-DE"">Der Datensatz enthält die bundesweiten Radverkehrsmengen die während der Jahre 2018 bis 2020 im Rahmen der Kampagne Stadtradeln des Klima-Bündnis e.V. und im Zuge des Forschungsprojektes MOVEBIS durch Nutzer*innen per App aufgezeichnet wurden. <br class=""SCXW65666069 BCX9"" /><br />
 <br class=""SCXW65666069 BCX9"" /><br />
Die Daten werden als komprimierte CSV zum Download angeboten. Dabei stellt die GPS-Koordinate den Mittelpunkt einer Hexagonzelle (H12) nach dem System der Firma Uber dar. Diese Zellen haben einen Durchmesser von 18m. Als weiteres Attribut wird die Anzahl der GPS-Punkte innerhalb der jeweiligen Zelle angegeben, welche in der dreiwöchigen STADTRADELN Kampagne von allen Nutzern erhoben wurden. <br class=""SCXW65666069 BCX9"" /><br />
 </p>
<p class=""Paragraph SCXW65666069 BCX9"" lang=""DE-DE"" paraeid=""{1ffffed2-2153-44f8-a695-c1849deb5f49}{1}"" paraid=""1572119125"" xml:lang=""DE-DE"">Der Originaldatensatz kann hier gefunden werden: </p>
<p class=""Paragraph SCXW65666069 BCX9"" lang=""DE-DE"" paraeid=""{1ffffed2-2153-44f8-a695-c1849deb5f49}{1}"" paraid=""1572119125"" xml:lang=""DE-DE""><a href=""http://www.mcloud.de/web/guest/suche/-/results/filter/latest/categories%3Aroads/0/detail/3096DB7A-9EE4-4C14-B2AA-79E33A7FFF01 "">www.mcloud.de/web/guest/suche/-/results/filter/latest/categories%3Aroads...</a></p>
<p class=""Paragraph SCXW65666069 BCX9"" lang=""DE-DE"" paraeid=""{1ffffed2-2153-44f8-a695-c1849deb5f49}{1}"" paraid=""1572119125"" xml:lang=""DE-DE"">Die in den hier Offenen Daten Konstanz eingestellten Daten wurden vom gesamten Bundesgebiet auf das in dieser Karte hervorgehobene Gebiet der Stadt Konstanz disgaggregiert (""long &gt; = 9.22 / long &lt; = 9.037"" und ""lat &gt; = 47.75 / 47.63"").</p>
<p class=""Paragraph SCXW65666069 BCX9"" lang=""DE-DE"" paraeid=""{906b0053-fa0e-463b-9857-15921fac0ae1}{34}"" paraid=""1682398404"" xml:lang=""DE-DE""> </p>
<p class=""Paragraph SCXW65666069 BCX9"" lang=""DE-DE"" paraeid=""{906b0053-fa0e-463b-9857-15921fac0ae1}{34}"" paraid=""1682398404"" xml:lang=""DE-DE"">Nutzungshinweise </p>
<ul class=""BulletListStyle1 SCXW65666069 BCX9"" role=""list"">
<li aria-setsize=""-1"" class=""OutlineElement Ltr  BCX9 SCXW65666069"" data-aria-level=""1"" data-aria-posinset=""1"" data-font=""Symbol"" data-leveltext="""" data-listid=""1"" role=""listitem"">
<p class=""Paragraph SCXW65666069 BCX9"" paraeid=""{b246c135-b10f-496b-aa6c-479c173e3992}{154}"" paraid=""2121386186"">Ein Import der Daten und deren Visualisierung ist bspw in QGIS und ArcGIS möglich. </p>
</li>
<li aria-setsize=""-1"" class=""OutlineElement Ltr  BCX9 SCXW65666069"" data-aria-level=""1"" data-aria-posinset=""2"" data-font=""Symbol"" data-leveltext="""" data-listid=""1"" role=""listitem"">
<p class=""Paragraph SCXW65666069 BCX9"" lang=""DE-DE"" paraeid=""{0758b3a7-68cb-4245-9ed3-426b1a0386cb}{117}"" paraid=""481934693"" xml:lang=""DE-DE"">Quellenvermerk: Grubitzsch P., Lißner S., Huber S., Springer T., [2021] Technische Universität Dresden, Professur für Rechnernetze und Professur für Verkehrsökologie </p>
</li>
</ul>
<p aria-level=""5"" class=""Paragraph SCXW65666069 BCX9"" lang=""DE-DE"" paraeid=""{778f2f16-bbba-4515-8099-c23c7e6caded}{98}"" paraid=""1400774477"" role=""heading"" xml:lang=""DE-DE"">Lizenz </p>
<p class=""Paragraph SCXW65666069 BCX9"" lang=""DE-DE"" paraeid=""{778f2f16-bbba-4515-8099-c23c7e6caded}{118}"" paraid=""1320222209"" xml:lang=""DE-DE""><a class=""Hyperlink SCXW65666069 BCX9"" href=""https://creativecommons.org/licenses/by-nc/"" rel=""noreferrer noopener"" target=""_blank"">Creative Commons Namensnennung - Nicht kommerziell (CC BY-NC)</a> </p>
",['Transport und Verkehr'],radverkehr_stadtradeln
399b13b4-d5a4-4600-8c7c-b8e304cc4723,Co² Werte Konstanz,https://offenedaten-konstanz.de/dataset/co-werte-konstanz,https://offenedaten-konstanz.de/api/3/action/package_show?id=399b13b4-d5a4-4600-8c7c-b8e304cc4723,2021-03-23 15:22:38,2021-03-23 15:22:38,"<p>Der Datensatz enthält Co² Werte unterschiedlicher Standorte in Konstanz und ist in Intervallen von 2 Minuten Daten geliefert.</p>
<p>Die Daten wurden mit ""Smart Citizen Kits"" erhoben und stehen hier im maschinenlesbaren Format zur Verfügung.</p>
<p>Die Datensätze können aufgrund von Gerätefehlfunktionen, Strom- und Internetausfällen Lücken enthalten.</p>
<p> </p>
<p>API Dokumentation: <a href=""https://developer.smartcitizen.me/#summary"">Summary – SmartCitizen API Reference</a></p>
",['Umwelt und Klima'],co2_konstanz
6ebde3b5-333e-4d94-85f7-d37763493b8c,Dauerzählstellen Radverkehr,https://offenedaten-konstanz.de/dataset/dauerz-hlstellen-radverkehr,https://offenedaten-konstanz.de/api/3/action/package_show?id=6ebde3b5-333e-4d94-85f7-d37763493b8c,2019-03-21 13:05:14,2019-03-21 13:05:14,"<p>Der Datensatz enthält die Messergebnisse der Fahrradzählungen aller städtischen Dauerzählstellen im Konstanzer Stadtgebiet. Mit diesen Daten kann genau festgestellt werden, wann wie viele Radfahrerinnen und Radfahrer an diesen Orten unterwegs gewesen sind. Die Messergebnisse sind im 15 Minuten-Rhythmus erfasst. </p>
<p>Aktuell befindet sich eine Dauerzählstelle im Konstanzer Stadtgebiet. Die Fahrradzählstelle befindet sich am Ende der Fahrradbrücke an Herosépark und fungiert als wichtige Datengrundlage für die städtische Radpolitik. </p>
<p>Wer die Daten der Konstanzer Fahrradzählstelle für einen bestimmten Tag abrufen will, kann das auf einer interaktiven Karte des Herstellers Eco Counter (<a href=""http://eco-public.com/ParcPublic/?id=4586#"">http://eco-public.com/ParcPublic/?id=4586#</a>) tun.</p>
<p>Die Bycycle-Data-Initiative verfügt über ein interaktives Tool, mit dem Sie:</p>
<ol>
<li>das Herunterladen von Rohdaten basierend auf den von Ihnen gewählten Intervallen hier: <a href=""https://www.bicycle-data.de/bicycles-data/  "">https://www.bicycle-data.de/bicycles-data/  </a></li>
<li>automatisierte und standardisierte Analysen aus den Daten zu erstellen (z.B. Durchschnittswerte für Tag, Monat oder Wetterbedingungen) hier: <a href=""https://www.bicycle-data.de/city-analysis/"">https://www.bicycle-data.de/city-analysis/</a></li>
<li>Vergleich von Konstanz mit anderen Städten: <a href=""https://www.bicycle-data.de/city-comparison/ "">https://www.bicycle-data.de/city-comparison/ </a></li>
</ol>
<p>Bitte beachten Sie: Der Zugriff auf die Live-API-Daten kann von Fall zu Fall vergeben werden. Wenn Sie Interesse haben, kontaktieren Sie uns bitte: <a href=""mailto:alexandre.souza-gomes@konstanz.de"">alexandre.souza-gomes@konstanz.de</a></p>
<p>(Quelle: Stadt Konstanz, Amt für Stadtplanung und Umwelt)</p>
",['Transport und Verkehr'],dauerzaehlstelle_radverkehr
ca2baa70-8b14-4d3f-b8f5-3217779851a4,Temperaturwerte Konstanz,https://offenedaten-konstanz.de/dataset/temperaturwerte-konstanz,https://offenedaten-konstanz.de/api/3/action/package_show?id=ca2baa70-8b14-4d3f-b8f5-3217779851a4,2021-03-22 14:52:39,2021-03-22 14:52:39,"<p>Der Datensatz enthält Temperaturwerte unterschiedlicher Standorte in Konstanz.</p>
<p>Die Daten wurden mit ""Smart Citizen Kits"" erhoben und stehen hier im maschinenlesbaren Format zur Verfügung.</p>
<p>Die Datensätze können aufgrund von Gerätefehlfunktionen, Strom- und Internetausfällen Lücken enthalten.</p>
<p> </p>
<p>API Dokumentation: <a href=""https://developer.smartcitizen.me/#summary"">Summary – SmartCitizen API Reference</a></p>
",['Umwelt und Klima'],temperatur_konstanz
44e196d3-6028-4371-9c4b-45268d61b330,Kohlendioxid-Emissionen: Kommunale CO2 Bilanzen Stadt Konstanz ,https://offenedaten-konstanz.de/dataset/kohlendioxid-emissionen-kommunale-co2-bilanzen-stadt-konstanz,https://offenedaten-konstanz.de/api/3/action/package_show?id=44e196d3-6028-4371-9c4b-45268d61b330,2020-02-25 15:30:21,2020-02-25 15:30:21,"<p><strong>Quelle der Daten</strong>: <a href=""https://www.statistik-bw.de/"">Statistisches Landesamt Baden-Württemberg</a></p>
<p>Die Angaben über CO2-Emissionen nach Sektoren beruhen auf den Energiebilanzen für Baden-Württemberg, die zunächst nur auf Landesebene vorliegen. Bei der Berechnung der Emissionswerte auf Kreis- und Gemeindeebene wird notwendigerweise auf modellhafte und damit in den verschiedenen Sektoren zum Teil verallgemeinernde Annahmen zurückgegriffen. Insbesondere wird aufgrund fehlender primärstatistischer Angaben im Sektor Haushalte, Gewerbe, Handel, Dienstleistungen und übrige Verbraucher mit einem durchschnittlichen Energieverbrauch je Wohnung bzw. je sozialversicherungspflichtig Beschäftigtem gerechnet. Regionale Minderungsmaßnahmen in diesem Sektor werden deshalb in der Modellrechnung nicht vollständig berücksichtigt.</p>
<p><strong>Jahr:</strong></p>
<p>Die Jahreszahl 2011a bezieht sich auf Bevölkerungsstand zum 31.12., Fortschreibung des Zensus 1987 (VZ1987)</p>
<p>Die Jahreszahl 2011b auf Bevölkerungsstand zum 31.12., Fortschreibung des Zensus 2011 (VZ2011)</p>
<p><strong>Gemeindekennung: </strong>335043, Konstanz</p>
<p><strong>Private Haushalte, GHD und übrige Verbraucher</strong>: damit sind Gewerbe, Handel, Dienstleistungen (GHD) und übrige Verbraucher wie öffentliche Einrichtungen, Landwirtschaft und militärische Einrichtungen gemeint.</p>
<p><strong>Verkehr</strong>: bezeichnet den Straßenverkehr und sonstiger Verkehr wie Schienen-, nationaler Luftverkehr, Binnenschifffahrt und Off-Road-Verkehr (landwirtschaftl. Zugmaschinen, Baumaschinen, Militär, Industriegeräte,Garten/Hobby).</p>
<p><strong>Wohnbevölkerung</strong>:</p>
<p>-Bevölkerungsstand zum 31.12., Fortschreibung der  Volkszählung 2011 (VZ2011).</p>
<p>-Bevölkerungsstand zum 31.12., Fortschreibung der Volkszählung 1987 (VZ1987).</p>
<p><strong>Tonnen</strong>: Menge an CO2 Emissionen in Tonnen nach Sektoren</p>
<p><strong>EW</strong>: Einwohnerzahl im jeweiligen Jahr</p>
<p><strong>Tonnen Je Einwohner</strong>: Menge der CO2 Emissionen in Tonnen je Einwohner nach Sektoren</p>
<p><strong>Mengenanteile der Sektoren in %:</strong> CO2 Emissionen nach Sektoren in Prozenten.</p>
<p><strong>Methodische Hinweise</strong>: Änderungen Allgemein/ Methodisch CO2-Berechnung regional/ Revision ab Herbst 2019:</p>
<p>- Umstellung auf die endgültige Energiebilanz 2016</p>
<p>- Die Emissionsfaktoren für feuerungsbedingte CO2-Emissionen ab dem Berichtsjahr 2016 wurden mit den Daten des Umweltbundesamtes gemäß NIR 2019 aktualisiert.</p>
<p>- Die bundesweiten Anteile Nationalflug an Gesamtflug wurden seitens des Umweltbundesamtes in NIR 2019 ab 1990 um durchschnittlich 10 % gesenkt. Dadurch Ändern sich alle Emissionen des nationalen Luftverkehrs und somit die Emissionen des Sektors Verkehr.</p>
<p>- Die Regionalisierungsdaten aus weiteren amtlichen und nichtamtlichen Quellen wurden hinsichtlich Datenverfügbarkeit zum jeweiligen Berichtsjahr überprüft und aktualisiert, sowie die Detailberechnungen methodisch vereinheitlicht.</p>
<p>- Die den regionalen Straßenverkehrsemissionen zugrundeliegenden Jahresfahrleistungen wurden ab dem Jahr 2010 einer grundlegenden Revision unterzogen. Das Verkehrszählungsjahr 2010, das die Basis für die Fortschreibung der Jahre 2011 bis 2014 bildet, greift auf deutlich veränderte Zählergebnisse nach dem neuen Verkehrsmonitoring zurück. Die Verkehrszählung 2015 bildet bis zur nächsten Zählung die Basis für künftige Fortschreibungen ab 2016. Details hierzu finden Sie im Glossar des Internetauftritts des Statistischen Landesamtes unter dem Thema ""Verkehr"", Unterthema ""KFZ und Verkehrsbelastung"", Jahresfahrleistungen im Straßenverkehr (<a href=""https://www.statistik-bw.de/Glossar/456"">https://www.statistik-bw.de/Glossar/456</a>)</p>
<p>- Aus methodischen Gründen werden die regionalen Straßenverkehrsemissionen aus Strom erst ab Berichtsjahr 2016 ausgewiesen.</p>
<p>-Die Vergleichbarkeit der Ergebnisse mit früheren Berechnungsjahren sind eingeschränkt.</p>
",['Umwelt und Klima'],co2_bilanz_konstanz
a47fac75-1d4d-4dc4-9b76-b400d483f73f,Abfallstatistik Entsorgungsbetriebe Konstanz,https://offenedaten-konstanz.de/dataset/abfallstatistik-entsorgungsbetriebe-konstanz,https://offenedaten-konstanz.de/api/3/action/package_show?id=a47fac75-1d4d-4dc4-9b76-b400d483f73f,2020-03-03 16:02:55,2020-03-03 16:02:55,"<p>Dieser Datensatz gibt Auskunft über die Abfallmenge der von den Entsorgungsbetrieben Konstanz (EBK) eingesammelten Abfällen in Konstanz. Wie hat sich die Abfallmenge der einzelnen Müllarten seit 2014 verändert? Der Datensatz enthält folgende Müllarten: Restmüll, Biomüll, Altpapier, Wertstoffe*, Altglas, Gelber Sack, Grünabfälle, Sperrmüll.</p>
<p>Zu den Wertstoffen gehören bspw.: Holz, Metall, E-Schrott, Kühlschränke,Mineral. Stoffe, Hartkunststoffe</p>
<p>(Quelle: Entsorgungsbetriebe Stadt Konstanz)</p>
","['Umwelt und Klima', 'Infrastruktur, Bauen und Wohnen']",abfallstatistik
2bc9dd3c-2e76-4e35-af57-c20893ec00d2,Ein- und Auswanderung nach Staaten und Kontinenten,https://offenedaten-konstanz.de/dataset/ein-und-auswanderung-nach-staaten-und-kontinenten,https://offenedaten-konstanz.de/api/3/action/package_show?id=2bc9dd3c-2e76-4e35-af57-c20893ec00d2,2021-02-25 16:13:00,2021-02-25 16:13:00,-,"['Bevölkerung', 'Soziales']",Ein- und Auswanderung nach Staaten und Kontinenten
5941f554-47b7-4eed-a0bc-9dd8486bef33,Solarpotenzial,https://offenedaten-konstanz.de/dataset/solarpotenzial,https://offenedaten-konstanz.de/api/3/action/package_show?id=5941f554-47b7-4eed-a0bc-9dd8486bef33,2020-12-23 14:48:20,2020-12-23 14:48:20,"<p><strong>Solarpotenzial der Gebäudeflächen in der Stadt Konstanz.</strong></p>
<p>Die Analyse beinhaltet den Neigungswinkel, die Ausrichtung sowie die nutzbare Dachfläche aller berücksichtigten Gebäude als Basiswerte. Abschattungseffekte, die infolge umliegender Gebäude oder topographischer Gegebenheiten entstehen, fließen als Kennzahl in die Ertragsberechnung mit ein. Diese geht von der lokalen Globalstrahlung aus und wird entsprechend den oben genannten Parametern beeinflusst. Die Leistung der Photovoltaikanlagen, der voraussichtliche Stromertrag sowie die jährliche CO2 -Einsparung werden als Ergebnis ausgegeben.</p>
<p>Die Daten wurden 2018 durch das <strong><em>Ingenieur Büro Smart Geomatics </em></strong>Informationssysteme GmbH im Auftrage der Stadt Konstanz erhoben.</p>
","['Umwelt und Klima', 'Geo', 'Infrastruktur, Bauen und Wohnen']",Solarpotenzial
5d78bac6-4f76-4648-bf4a-3239d50a5404,Mängelmelder,https://offenedaten-konstanz.de/dataset/m-ngelmelder,https://offenedaten-konstanz.de/api/3/action/package_show?id=5d78bac6-4f76-4648-bf4a-3239d50a5404,2020-11-02 16:25:40,2020-11-02 16:25:40,"<p>Zusammenstellung aller über den Mängelmelder (<a href=""https://konstanz-mitgestalten.de/bms/search#portal-bms"">https://konstanz-mitgestalten.de/bms/search#portal-bms</a>) gemeldeten Probleme.</p>
","['Verwaltung, Haushalt und Steuern', 'Soziales']",maengelmelder
c6ed879e-9a2c-41ca-a168-a88d449a24c1,"Georeferenzierte Standorte Fahrradmietsytsem (konrad, TINK)",https://offenedaten-konstanz.de/dataset/georeferenzierte-standorte-fahrradmietsytsem-konrad-tink,https://offenedaten-konstanz.de/api/3/action/package_show?id=c6ed879e-9a2c-41ca-a168-a88d449a24c1,2019-05-02 13:54:24,2019-05-02 13:54:24,"<p class=""rtejustify""><strong>Konstanz Fahrradmietsystem</strong></p>
<p class=""rtejustify"">In Konstanz steht Ihnen ein vielfältiges Fahrrad-Mietsystem zur Verfügung: 150 konräder (konrad = Konstanz + Rad) und 26 Transporträder von TINK. So können Sie sich einfach und jederzeit ein Fahrrad an einer der 15 konrad-Mietstationen oder ein Transportrad an den zusätzlichen 13 TINK-Stationen ausleihen.</p>
<p><a href=""https://www.stadtwerke-konstanz.de/mobilitaet/rad-mietsystem/"">Lesen Sie mehr</a></p>
<p>(Quelle: Stadtwerke Konstanz GmbH)</p>
","['Transport und Verkehr', 'Geo']",standorte_fahrradmietsystem
61204ad3-9e46-4562-9cbc-3cf6c26dcd22,Gesamtübersicht Maßnahmenpaket 2019 Klimaschutzbericht Stadt Konstanz,https://offenedaten-konstanz.de/dataset/gesamt-bersicht-ma-nahmenpaket-2019-klimaschutzbericht-stadt-konstanz,https://offenedaten-konstanz.de/api/3/action/package_show?id=61204ad3-9e46-4562-9cbc-3cf6c26dcd22,2020-03-02 18:11:57,2020-03-02 18:11:57,"<p>Die Stadt Konstanz hat am 02. Mai 2019 als erste deutsche Stadt den kommunalen Klimanotstand ausgerufen. Am 2. Mai 2019 beschloss der Konstanzer Gemeinderat einstimmig die Resolution zum Klimanotstand. Die Resolution fordert, dem Thema Klimaschutz in Konstanz ""höchste Priorität"" einzuräumen. Was hat sich seit dem 2. Mai 2019 im kommunalen Klimaschutz getan? </p>
<p>Dieser Datensatz gibt einen Gesamtüberblick über die vielfältige klimarelevante Maßnahmen in der Stadtverwaltung und ihren Beteiligungen. Innerhalb der städtischen Handlungsfelder ""Gebäude und Energieversorgung"", ""Stadtplanung und Mobilität"", ""Wirken nach außen"" und ""Wirken nach innen"" sowie bei den städtischen Beteiligungen (ohne definierten Beginn) wurden 2019 über 70 zusätzliche Klimaschutz-Maßnahmen gesammelt. Mehr Informationen finden sie im <a href=""https://www.konstanz.de/site/Konstanz/get/documents_E-952507350/konstanz/Dateien/Leben%20in%20Konstanz/Umwelt-%20u.%20Naturschutz/Klimaschutzbericht%201-2020_final.pdf"">1. Klimaschutzbericht der Stadt Konstanz. vom 23.01.2020</a>.</p>
<p> </p>
",['Umwelt und Klima'],klimamassnahmen_2019
23683041-b9ee-4a70-add4-42e5930b4d1d,Konstanzer Gebäude nach Baujahren,https://offenedaten-konstanz.de/dataset/konstanzer-geb-ude-nach-baujahren,https://offenedaten-konstanz.de/api/3/action/package_show?id=23683041-b9ee-4a70-add4-42e5930b4d1d,2018-11-27 14:27:50,2018-11-27 14:27:50,"<p>Gebäudebestand mit Baujahr aus dem Jahr 2016. Der Datensatz enthält die Gebäude in Konstanz mit Koordinaten sowie den Merkmalen Baujahr (gruppiert) und Anzahl der Wohnungen (gruppiert).<br />
Ausgewiesen wird das Baujahr des Gebäudes, spätere Umbaut- /Sanierungsjahre sind nicht ausgewiesen.</p>
<p>(Quelle: Stadt Konstanz, Referat Oberbürgermeister - Statistik und Steuerungsunterstützung)</p>
","['Infrastruktur, Bauen und Wohnen']",gebaeude_baujahr
26dd23be-679c-4e16-900a-a59650d95331,Außenwanderung bei Stadtteil,https://offenedaten-konstanz.de/dataset/au-enwanderung-bei-stadtteil,https://offenedaten-konstanz.de/api/3/action/package_show?id=26dd23be-679c-4e16-900a-a59650d95331,2020-11-17 17:21:06,2020-11-17 17:21:06,"<p>Außenwanderung in den 15 Stadtteile und der Gesamtstadt.</p>
<p><strong>Quelle:</strong> Stadt Konstanz – eigene Einwohnerfortschreibung.</p>
","['Bevölkerung', 'Soziales']",aussenwanderung
f3c8b9b8-994f-4c1c-9bb2-af6688256e95,Stromverbrauch Entsorgungsbetriebe Konstanz,https://offenedaten-konstanz.de/dataset/stromverbrauch-entsorgungsbetriebe-konstanz,https://offenedaten-konstanz.de/api/3/action/package_show?id=f3c8b9b8-994f-4c1c-9bb2-af6688256e95,2020-12-09 13:30:42,2020-12-09 13:30:42,"<p>Der Datensatz enthält den Stromverbrauch der Entsorgungsbetriebe Konstanz (EBK), sowie den prozentualen Anteil der jeweiligen Anlagen.</p>
<p>Derzeit liegen die Daten seit 2014 im CSV Format vor.</p>
",['Umwelt und Klima'],stromverbrauch_ebk
474b11ad-9948-4a03-8da8-73bdfc9fdbdb,Busverkehr,https://offenedaten-konstanz.de/dataset/busverkehr,https://offenedaten-konstanz.de/api/3/action/package_show?id=474b11ad-9948-4a03-8da8-73bdfc9fdbdb,2019-04-15 14:03:11,2019-04-15 14:03:11,"<p>Dieser Datensatz entält Daten zu den Konstanzer Busverkehrsnetz, dem Mobilitätsangebot der Stadtwerke Konstanz. Weitere Informationen und Neuigkeiten zum Busverkehr finden Sie <a href=""https://www.stadtwerke-konstanz.de/mobilitaet/bus/aktuelles/"" target=""_blank"">hier</a></p>
<p>(Quelle: Stadtwerke Konstanz GmbH)</p>
<p>Fahrplandaten nach Landkreisen in Baden-Württemberg gibt es auch hier, auch für den Landkreis Konstanz: </p>
<p><a href=""https://www.nvbw.de/open-data/fahrplandaten/fahrplandaten-nach-landkreisen"">https://www.nvbw.de/open-data/fahrplandaten/fahrplandaten-nach-landkreisen</a></p>
",['Transport und Verkehr'],busverkehr
5f0134ec-41af-4907-b997-a783c175ab04,Abfallplaner Müllabfuhrtermine,https://offenedaten-konstanz.de/dataset/abfallplaner-m-llabfuhrtermine,https://offenedaten-konstanz.de/api/3/action/package_show?id=5f0134ec-41af-4907-b997-a783c175ab04,2020-01-10 13:07:16,2020-01-10 13:07:16,"<p>Auflistung der Müllabfuhrtermine der EBK für Biomüll, Restmüll, Gelbersack, Papiertonne, Christbaumabholung im Stadtgebiet Konstanz seit dem Jahr 2020.</p>
<p>(Quelle: Entsorgungsbetriebe Stadt Konstanz)</p>
","['Umwelt und Klima', 'Infrastruktur, Bauen und Wohnen']",muellabfuhrtermine_2020
22c08d05-c9cb-4af2-ae0d-bed37503ab39,Mobile Verkehrszählungen Rad- und Fußverkehr,https://offenedaten-konstanz.de/dataset/mobile-verkehrsz-hlungen-rad-und-fu-verkehr,https://offenedaten-konstanz.de/api/3/action/package_show?id=22c08d05-c9cb-4af2-ae0d-bed37503ab39,2020-08-13 13:51:01,2020-08-13 13:51:01,"<p>Das Handlungsfeld Mobilität ist ein zentrales Thema auf dem Weg zur Klimaneutralität. Mit einer Mobilitätswende soll die Senkung des Energieverbrauchs ohne Einschränkung der Mobilität erreicht werden. Dabei geht es nicht nur um die Klärung, wie und mit welchen Verkehrsmitteln sich die Bürgerinnen und Bürger zukünftig bewegen. Es geht auch darum, wie der knappe öffentliche Raum genutzt wird. </p>
<p>Für einen besseren Überblick über die Anzahl der Radfahrer, Autos und Fußgänger an einzelnen Stellen, hat die Stadt Konstanz zwei neue, mobile Zählgeräte beschafft.</p>
<p>Unter diesem Datensatz finden Sie verschiedene Ressourcen zu den mobilen Verkehrszählungen. Sie interessieren sich für die städtische Verkehrsplanung? <a href=""https://www.konstanz.de/stadt+gestalten/verkehrsplanung"">Hier</a> gibt's mehr Informationen.</p>
<p>(Quelle, Stadt Konstanz, Amt für Stadtplanung und Umwelt)</p>
","['Transport und Verkehr', 'Umwelt und Klima']",verkehrszaehlung
a7d3a81d-4dce-41fc-a61b-844ed232e85a,Wahlbezirke,https://offenedaten-konstanz.de/dataset/wahlbezirke,https://offenedaten-konstanz.de/api/3/action/package_show?id=a7d3a81d-4dce-41fc-a61b-844ed232e85a,2019-05-03 11:02:06,2019-05-03 11:02:06,"<p class=""rtejustify"">Die Datenbank enthält die Aktualisierungsinformationen für Wahlbezirke.</p>
<p class=""rtejustify""><a href=""https://www.google.com/url?sa=t&amp;rct=j&amp;q=&amp;esrc=s&amp;source=web&amp;cd=&amp;ved=2ahUKEwjx7ozMx9vrAhWlM-wKHVAEAmgQFjAAegQIBBAB&amp;url=https%3A%2F%2Fwww.konstanz.de%2Fsite%2FKonstanz%2Fget%2Fparams_E-763012888_Dattachment%2F103462%2FBundestagswahl%25202017_Wahlergebnisse%2520in%2520der%2520Stadt%2520Konstanz.pdf&amp;usg=AOvVaw0ep9wG4TiP0M2dqUGR_Vpe"" target=""_parent"">Lesen Sie mehr</a></p>
<p class=""rtejustify"">(Quelle: Stadt Konstanz, Projektgruppe Wahlen)</p>
","['Geo', 'Politik und Wahlen']",wahlbezirke
9b439a59-62b0-4ada-9976-08a631a96b82,Baumkataster Konstanz,https://offenedaten-konstanz.de/dataset/baumkataster-konstanz,https://offenedaten-konstanz.de/api/3/action/package_show?id=9b439a59-62b0-4ada-9976-08a631a96b82,2020-09-07 11:20:51,2020-09-07 11:20:51,"<p>Auf Konstanzer Stadtgebiet befinden sich rund 15.500 Bäume. Davon sind 1.400 mindestens 100 Jahre alt. Doch wie gelingt die allgemeine Überwachung und aufwendige Pflege der städtischen Bäume? Dabei hilft das Baumkataster. Dieser Datensatz beinhaltet ein Verzeichnis, in dem Bäume der Stadt Konstanz enthalten sind. Zuständig für die städtische Baumpflege sind die Technischen Betriebe der Stadt Konstanz (TBK). Sie interessieren sich für das vielfältige Aufgabengebiet der TBK? <a href=""https://www.konstanz.de/141376"">Mehr dazu</a></p>
<p>(Quelle: Technische Betriebe Stadt Konstanz)</p>
","['Umwelt und Klima', 'Geo', 'Infrastruktur, Bauen und Wohnen']",baumkataster
0b38d63c-4a76-4e28-b9a8-609924aaa24e,Bildungseinrichtungen - 2019,https://offenedaten-konstanz.de/dataset/bildungseinrichtungen-2019,https://offenedaten-konstanz.de/api/3/action/package_show?id=0b38d63c-4a76-4e28-b9a8-609924aaa24e,2019-05-06 16:46:11,2019-05-06 16:46:11,"<p>Im Gebiet der Stadt Konstanz gibt es viele verschiedene Schulen und außerschulische Bildungseinrichtungen. In diesem Datensatz sind diese 34 Einrichtungen dargestellt. Sie werden in verschiedene Kategorien wie zum Beispiel Gymnasium, Grundschule, Realschule oder Universität eingeteilt. Des Weiteren werden Name der Einrichtung, Adresse, Website, Telefonnummer und E-Mail aufgelistet. Für eine bessere räumliche Einordnung ist außerdem der Stadtteil pro Standort genannt.</p>
<p> </p>
<p>(Quelle: Stadt Konstanz, Amt für Liegenschaften und Geoinformation)</p>
",['Bildung und Wissenschaft'],bildungseinrichtungen_2019
2e012bc8-20c8-4057-8e64-f3c775f0ff21,Städtische Einrichtungen/ Behörden,https://offenedaten-konstanz.de/dataset/st-dtische-einrichtungen-beh-rden,https://offenedaten-konstanz.de/api/3/action/package_show?id=2e012bc8-20c8-4057-8e64-f3c775f0ff21,2019-05-13 13:20:22,2019-05-13 13:20:22,"<p>Geo Informationen über die öffentlichen Gebäude der Stadt Konstanz.</p>
<p> </p>
<p>(Quelle: Stadt Konstanz, Amt für Liegenschaften und Geoinformation)</p>
","['Verwaltung, Haushalt und Steuern', 'Geo']",staedtische_einrichtungen
20401185-a5f1-4a8c-b762-66a8fd9a2ad2,Georeferenzierte Standorte Sportanlagen,https://offenedaten-konstanz.de/dataset/georeferenzierte-standorte-sportanlagen,https://offenedaten-konstanz.de/api/3/action/package_show?id=20401185-a5f1-4a8c-b762-66a8fd9a2ad2,2019-05-13 10:31:30,2019-05-13 10:31:30,"<p>In Konstanz gibt es 61 verschiedene Sportanlagen. Diese sind in Kategorien wie zum Beispiel Sportplätze, Sporthallen, Tennisanlagen oder Golfplätze aufgeteilt. Hier finden sich außerdem jeweils die Adresse der Anlage sowie ggf. eine Telefonnummer. Außerdem ist die Webseite des Vereins oder der Anlage für weitere Informationen verlinkt.</p>
<p> </p>
<p>(Quelle: Stadt Konstanz, Amt für Liegenschaften und Geoinformation)</p>
","['Kultur, Freizeit, Sport und Tourismus', 'Geo']",standorte_sportanlagen
ab233046-76eb-4d25-97ec-5b6ba27c7706,Stadtteilgrenzen / Stadtteilfläche,https://offenedaten-konstanz.de/dataset/stadtteilgrenzen-stadtteilfl-che,https://offenedaten-konstanz.de/api/3/action/package_show?id=ab233046-76eb-4d25-97ec-5b6ba27c7706,2019-05-03 08:28:03,2019-05-03 08:28:03,"<p><strong>Stadtteilgrenzen/Stadtbezirke</strong></p>
<p class=""rtejustify"">Die Gesamtstadt Fläche der Stadt Konstanz ist in 15 Bezirke aufgeteilt. </p>
<p class=""rtejustify"">Die folgende Datenbank hat den Stadtteilgrenzen Namen  <em><strong>(STT-Name)</strong></em>, Stastteilgrenzen Nummer <em><strong>(STT-Nummer)</strong></em>, Shape typ information <em><strong>(Shape)</strong></em>, Länge jedes Stadtteilgrenzen in Meter <em><strong>(SHAPE Length)</strong></em> und Fläche jedes Stadtteilgrenzen in Meter (<em><strong>SHAPE Area).</strong></em></p>
<p class=""rtejustify"">(Quelle: Stadt Konstanz, Amt für Liegenschaften und Geoinformation)</p>
",['Geo'],stadtteilgrenzen_flaechen
1fd6d20a-44c5-4dc8-994f-305a723e5511,Georeferenzierte Standorte Parkhäuser ,https://offenedaten-konstanz.de/dataset/georeferenzierte-standorte-parkh-user,https://offenedaten-konstanz.de/api/3/action/package_show?id=1fd6d20a-44c5-4dc8-994f-305a723e5511,2019-05-06 13:20:12,2019-05-06 13:20:12,"<p>(Quelle: Stadt Konstanz, Amt für Liegenschaften und Geoinformation)</p>
","['Transport und Verkehr', 'Geo']",standorte_parkhaeuser
a1cafd20-93f3-448c-9c38-bc69bda8a54c,Georeferenzierte Standorte Spielplätze,https://offenedaten-konstanz.de/dataset/georeferenzierte-standorte-spielpl-tze,https://offenedaten-konstanz.de/api/3/action/package_show?id=a1cafd20-93f3-448c-9c38-bc69bda8a54c,2019-05-13 10:09:11,2019-05-13 10:09:11,"<p>Alle Spielplätze der Stadt Konstanz besitzen eine Grundausstattung an Spielgeräten, wie z. B. Rutsche, Sandspielfläche, Schaukel und Sitzgelegenheiten und sind daher grundsätzlich für Kleinkinder (0 bis 6 Jahre) geeignet. In der Regel sind sie dem Wohnumfeld zugeordnet und gut zu Fuß zu erreichen. Darüber hinaus bietet die Stadt Konstanz Spielflächen in besonderer Lage an, die einen größeren Einzugsbereich aufweisen.</p>
<p> </p>
<p>Darüber hinaus sind alle Schulfhöfe in der unterrichtsfreien Zeit zum Spielen geöffnet. Entsprechend der Altersgruppen der Schüler sind sie mit entsprechenden Spieleinrichtungen ausgestattet. In allen Stadtteilen sind Bolzplätze und Spielwiesen vorhadenen. Des weiteren sind an geeigneten Standorten Streetballanlagen und Skatenanlagen eingerichtet. Auch bietet die Stadt zwei Radparcours (Paradies, Fürstenberg) an.</p>
<p> </p>
<p>(Quelle: Stadt Konstanz, Amt für Liegenschaften und Geoinformation)</p>
","['Kultur, Freizeit, Sport und Tourismus', 'Geo']",standorte_spielplaetze
3c0e83b0-c74a-4fed-a350-04961cd49548,Kläranlage Konstanz,https://offenedaten-konstanz.de/dataset/kl-ranlage-konstanz,https://offenedaten-konstanz.de/api/3/action/package_show?id=3c0e83b0-c74a-4fed-a350-04961cd49548,2020-12-09 13:47:32,2020-12-09 13:47:32,"<p>Der Datensatz umfasst Abwassermenge, Eliminationsraten und Sandfanggut der Kläranlage in Konstanz.</p>
<p>Die Daten liegen teilweise seit 2014 vor.</p>
<p> </p>
","['Infrastruktur, Bauen und Wohnen']",klaeranlage
f5b3f6d3-9c5d-485e-8e1c-bb9cdc068b51,Georeferenzierte Standorte Glascontainer,https://offenedaten-konstanz.de/dataset/georeferenzierte-standorte-glascontainer,https://offenedaten-konstanz.de/api/3/action/package_show?id=f5b3f6d3-9c5d-485e-8e1c-bb9cdc068b51,2019-05-10 12:34:35,2019-05-10 12:34:35,"<p>Im Gebiet der Stadt Konstanz stehen 63 Sammelstellen zur Entsorgung von Altglas zur Verfügung. In der Beschreibung der Standorte finden sich zusätzlich zur Adresse auch Anmerkungen zur Zufahrt sowie Informationen zu den Öffnungszeiten und weitere Hinweise. Zuständig für die Leerung der Altglascontainer sind die Entsorgungsbetriebe Konstanz (EBK).</p>
<p> </p>
<p>(Quelle: Entsorgungsbetriebe Stadt Konstanz)</p>
","['Geo', 'Umwelt und Klima', 'Infrastruktur, Bauen und Wohnen']",standorte_glascontainer
1bb1b823-e059-422f-839b-d59043a2c5eb,Fahrrad-Mietsystem (Tink/Konrad),https://offenedaten-konstanz.de/dataset/fahrrad-mietsystem-tinkkonrad,https://offenedaten-konstanz.de/api/3/action/package_show?id=1bb1b823-e059-422f-839b-d59043a2c5eb,2019-02-20 15:40:28,2019-02-20 15:40:28,"<p>Statistische Daten zur Nutzung des Fahrrad-Mietsystems der Stadtwerke Konstanz. Neben dem im Mai 2018 gestarteten konrad (Konstanz+Rad) gibt es seit August 2018 die Daten des Angebots für Transporträder von TINK. Wie wird das Fahrradangebot genutzt? Wird im Winter tatsächlich weniger geradelt als im Sommer? Der folgende Datensatz zeigt die tatsächliche Nutzung des Fahrrad Mietsystems der Stadtwerke Konstanz</p>
<p>Visualisierung: <a href=""https://www.stadtwerke-konstanz.de/mobilitaet/rad-mietsystem/"" target=""_blank"">https://www.stadtwerke-konstanz.de/mobilitaet/rad-mietsystem/</a></p>
<p>Die statistische Daten zu den Rückgaben und Anmietungen der jeweiligen Mieträder gibt es kleinräumig für jede Station in unserer Stadt und für jeden einzelnen Monat.</p>
<p>(Quelle: Stadtwerke Konstanz GmbH)</p>
",['Transport und Verkehr'],gesamtnutzung_fahrradmietsystem
cf6d6893-2758-4a01-8ac8-590a5d721aec,Fahrradabstellanlagen,https://offenedaten-konstanz.de/dataset/fahrradabstellanlagen,https://offenedaten-konstanz.de/api/3/action/package_show?id=cf6d6893-2758-4a01-8ac8-590a5d721aec,2020-11-30 13:49:46,2020-11-30 13:49:46,"<p>Der Datensatz enthält die Fahrradabstellanlagen im Konstanzer Stadtgebiet.</p>
<p dir=""ltr"">Quellennachweis (Attributierung):</p>
<p dir=""ltr"">© Stadt Konstanz, Amt für Liegenschaften und Geoinformation</p>
","['Infrastruktur, Bauen und Wohnen', 'Transport und Verkehr']",fahrradabstellanlagen
b6afd3a3-c054-499e-87ff-4994ef1248ee,Georefernzierte Standorte Fahrradhändler,https://offenedaten-konstanz.de/dataset/georefernzierte-standorte-fahrradh-ndler,https://offenedaten-konstanz.de/api/3/action/package_show?id=b6afd3a3-c054-499e-87ff-4994ef1248ee,2020-11-30 16:07:32,2020-11-30 16:07:32,"<p>(Quelle: Stadt Konstanz, Amt für Liegenschaften und Geoinformation)</p>
","['Infrastruktur, Bauen und Wohnen', 'Transport und Verkehr']",standorte_fahrradhaendler
c405d8cd-2a27-49fb-af39-88f4700f4142,Kleinräumige Gliederung Stadtviertelfläche,https://offenedaten-konstanz.de/dataset/kleinr-umige-gliederung-stadtviertelfl-che,https://offenedaten-konstanz.de/api/3/action/package_show?id=c405d8cd-2a27-49fb-af39-88f4700f4142,2019-05-13 10:40:08,2019-05-13 10:40:08,"<p>Der Datensatz enthält eine Übersicht über die 51 Stadtviertel, in die Konstanz eingeteilt ist. Jedem Stadtviertel ist eine einzigartige Nummer zugeordnet. Anhand der Stadtteilnummer kann außerdem überprüft werden, zu welchem Stadtteil das Viertel gehört.</p>
<p> </p>
<p>(Quelle: Stadt Konstanz, Amt für Liegenschaften und Geoinformation)</p>
","['Geo', 'Infrastruktur, Bauen und Wohnen']",stadtviertel_konstanz
f28f68ae-301f-4a7f-9974-fd1f6ab3effa,Kinderbetreuung nach Stadtteilen,https://offenedaten-konstanz.de/dataset/kinderbetreuung-nach-stadtteilen,https://offenedaten-konstanz.de/api/3/action/package_show?id=f28f68ae-301f-4a7f-9974-fd1f6ab3effa,2018-11-26 14:51:17,2018-11-26 14:51:17,"<p>Dieser Datensatz enthält eine Übersicht üder die Kinderbetreuungsplätze im Konstanzer Stadtgebiet. In welchem Stadtgebiet gibt es die größte Anzahl an Kinderbetreuungsplätzen? Dieser Datensatz gibt Auskunft darüber. Die Daten gibt es kleinräumig für jeden Staddteil von Konstanz.</p>
<p>(Quelle: Stadt Konstanz, Referat Oberbürgermeister - Statistik und Steuerungsunterstützung)</p>
","['Infrastruktur, Bauen und Wohnen']",kinderbetreuung
fdbf2c18-c926-46ad-991f-68aa8de80ce7,Bodenrichtwertkarte,https://offenedaten-konstanz.de/dataset/bodenrichtwertkarte,https://offenedaten-konstanz.de/api/3/action/package_show?id=fdbf2c18-c926-46ad-991f-68aa8de80ce7,2018-11-26 14:12:33,2018-11-26 14:12:33,"<p>Dieser Datensatz enthält eine Karte mit den Bodenrichtwerte im Konstaner Stadtgebiet.</p>
<p>(Quelle: Stadt Konstanz, Amt für Liegenschaften und Geoinformation)</p>
","['Infrastruktur, Bauen und Wohnen', 'Geo']",bodenrichtwertkarte
10c7469e-1cde-4c4e-a0d3-5759a1dbf31e,Wahlergebnisse Konstanzer Landtagswahlen,https://offenedaten-konstanz.de/dataset/wahlergebnisse-konstanzer-landtagswahlen,https://offenedaten-konstanz.de/api/3/action/package_show?id=10c7469e-1cde-4c4e-a0d3-5759a1dbf31e,2020-11-19 16:04:56,2020-11-19 16:04:56,"<p>Die Konstanzer Ergebnisse der Landtagswahlen stehen maschinenlesbar in diesem offenen Datenportal zur Verfügung.</p>
<p>Berichte (pdf) zu den kleinräumigen Wahlergebnissen finden Sie hier: <a href=""https://www.konstanz.de/leben+in+konstanz/statistik/weitere+daten"">https://www.konstanz.de/leben+in+konstanz/statistik/weitere+daten</a></p>
<ul>
     
</ul>
",['Politik und Wahlen'],wahlergebnisse_landtag
ba32f547-4403-4abf-9fe0-83642c4b3fd8,Konstanzer Stadtteilprofile ,https://offenedaten-konstanz.de/dataset/konstanzer-stadtteilprofile,https://offenedaten-konstanz.de/api/3/action/package_show?id=ba32f547-4403-4abf-9fe0-83642c4b3fd8,2020-03-20 08:28:09,2020-03-20 08:28:09,"<p>Die Konstanzer Stadtteilprofile stellen die 15 Stadtteile anhand ausgewählter Daten über die Bevölkerung, soziale Infrastruktur oder etwa Wahlen vor.</p>
<p>Mit den Stadtteilprofilen wird die kleinräumige Vielfalt der Stadt beschrieben und vergleichbarer gemacht. Dieser Datensatz bietet eine Übersicht über Flächennutzung, soziodemografische Indikatoren, soziale Infrastruktur sowie Kaufkraft, Arbeitsmarkt, PKW-Bestand und Wahlergebnisse auf Ebenen der Stadtteile.</p>
<p>Die Stadtteilgrenzen orientieren sich im Wesentlichen an historischen (Gemarkungs-)Grenzen. </p>
<p>Mehr zu den <strong><em><a href=""https://www.konstanz.de/leben+in+konstanz/statistik"">Konstanzer Stadtteilprofilen finden Sie hier</a>.</em></strong></p>
<p>(Quelle: Stadt Konstanz, Referat Oberbürgermeister, Abteilung Statistik und Steuerungsunterstützung)</p>
","['Bevölkerung', 'Politik und Wahlen']",stadtteilprofil
be007cbd-d9f5-4556-ac5a-81cb31948cd6,Wahlergebnisse Konstanzer Oberbürgermeisterwahlen,https://offenedaten-konstanz.de/dataset/wahlergebnisse-konstanzer-oberb-rgermeisterwahlen,https://offenedaten-konstanz.de/api/3/action/package_show?id=be007cbd-d9f5-4556-ac5a-81cb31948cd6,2020-10-21 11:23:49,2020-10-21 11:23:49,"<p>Die Ergebnisse der Oberbürgermeisterwahlen 1996 bis 2020 stehen maschinenlesbar in diesem offenen Daten Portal zur Verfügung.</p>
<p>Berichte (pdf) zu den Wahlergebnisse finden Sie hier: <a href=""https://www.konstanz.de/leben+in+konstanz/statistik/weitere+daten"">https://www.konstanz.de/leben+in+konstanz/statistik/weitere+daten</a></p>
",['Politik und Wahlen'],wahlergebnisse_ob
b0135807-8d4a-439e-a0de-6d358eef051f,Grenzübergänge Kraftfahrzeuge Deutschland Schweiz,https://offenedaten-konstanz.de/dataset/grenz-berg-nge-kraftfahrzeuge-deutschland-schweiz,https://offenedaten-konstanz.de/api/3/action/package_show?id=b0135807-8d4a-439e-a0de-6d358eef051f,2020-09-24 11:00:22,2020-09-24 11:00:22,"<p>Die  Schweizer Kantonsbehörde Thurgau und das Schweizer Bundesamt für Straßen (ASTRA) erheben die durchschnittliche tägliche Verkehrsstärke (DTV) der Grenzübergänge von Kraftfahrzeugen an den drei Zollstellen “Tägerwielen-Paradieser Tor”, “Emmishofer Zoll” und der “Gemeinschaftszollanlage Kreuzlingen/Tägerwielen (kurz GZA)”. Seit 2013 werden diese Daten gesammelt, und nun auch als offene Daten zur Verfügung gestellt. Diese Daten sind außerdem im Open Data Portal des Kanton Thurgau verfügbar: <a href=""https://map.geo.tg.ch/apps/mf-geoadmin3/?lang=de&amp;topic=ech&amp;catalogNodes=10000,20000,30000,15100,34000&amp;layers=richtplankt50k_hauptverkehrstrassen,richtplankt200k_motorfahrzeugverkehr,strassenverkehrszaehlung_messdaten&amp;layers_opacity=0.9,1,1&amp;E=2728994.19&amp;N=1280640.14&amp;zoom=6&amp;layers_timestamp=,,20130101&amp;layers_visibility=true"">https://map.geo.tg.ch/apps/mf-geoadmin3/?lang=de&amp;topic=ech&amp;catalogNodes=10000,20000,30000,15100,34000&amp;layers=richtplankt50k_hauptverkehrstrassen,richtplankt200k_motorfahrzeugverkehr,strassenverkehrszaehlung_messdaten&amp;layers_opacity=0.9,1,1&amp;E=2728994.19&amp;N=1280640.14&amp;zoom=6&amp;layers_timestamp=,,20130101&amp;layers_visibility=true</a><br />
 </p>
<p>Die Stadt Konstanz hat die Daten ausdrücklich nicht erhoben.</p>
",['Transport und Verkehr'],grenzuebergaenge_kfz
71f1f691-2acb-4d9c-a86c-74ca7d337d33,Historische Wetterdaten,https://offenedaten-konstanz.de/dataset/historische-wetterdaten,https://offenedaten-konstanz.de/api/3/action/package_show?id=71f1f691-2acb-4d9c-a86c-74ca7d337d33,2020-09-09 09:21:00,2020-09-09 09:21:00,"<p><strong>Quelle: Deutscher Wetterdienst (DWD)</strong></p>
<p>Dieser Datensatz beinhaltet historische Wetterdaten der Station des DWD (Station-Nummer: 02712) im Konstanzer Silvanerweg 6. Wie hat sich das Wetter über einen längeren Zeitraum in Konstanz verändert?</p>
<p>Am 25.07.2017 ist eine Änderung des Gesetzes über den Deutschen Wetterdienst (""DWD-Gesetz"") in Kraft getreten. Der DWD wird gesetzlich beauftragt, seine Wetter- und Klimainformationen weitgehend entgeltfrei zur Verfügung zu stellen. Zurzeit stehen viele Geodaten wie Modellvorhersagen, Radardaten, aktuelle Mess- und Beobachtungsdaten sowie eine große Zahl von Klimadaten auf dem Open Data Server <a href=""https://opendata.dwd.de/"">https://opendata.dwd.de </a>zur Verfügung. Die Klimadaten werden unter <a href=""https://opendata.dwd.de/climate_environment/"">https://opendata.dwd.de/climate_environment/CDC/</a> bereitgestellt.</p>
<p>Die frei zugänglichen Daten dürfen entsprechend der ""Verordnung zur Festlegung der Nutzungsbestimmungen für die Bereitstellung von Geodaten des Bundes (GeoNutzV)"" unter Beigabe eines Quellenvermerks ohne Einschränkungen weiterverwendet werden. (<a href=""https://gdz.bkg.bund.de/"">https://gdz.bkg.bund.de/</a>)Im Hinblick auf die Gestaltung der Quellenvermerke fordert der Deutsche Wetterdienst (DWD) (gemäß § 7 DWD-Gesetz, § 3 GeoNutzV) zur Beachtung nachfolgender Hinweise auf:</p>
<ul>
<li>Die Pflicht zur Einbindung beigegebener Quellenvermerke gilt für die unveränderte Verwendung von Geodaten und anderer Leistungen des DWD. Auch bei Bildung von Auszügen oder Änderung des Datenformats sind Quellenvermerkeeinzubinden. Eine Abbildung des DWD-Logos ist als Quellenvermerk im Sinne der GeoNutzV ausreichend.</li>
<li>Bei weitergehenden Veränderungen, Bearbeitungen, neuen Gestaltungen oder sonstigen Abwandlungen erwartet der DWD mindestens eine Nennung des DWD in zentralen Quellenverzeichnissen oder im Impressum.</li>
<li>Veränderungshinweise gemäß GeoNutzV können z.B. lauten: ""Datenbasis: Deutscher Wetterdienst, Rasterdaten bildlich wiedergegeben"", ""Datenbasis: Deutscher Wetterdienst, Einzelwerte gemittelt"" oder ""Datenbasis:Deutscher Wetterdienst, eigene Elemente ergänzt"".</li>
</ul>
<p>Bei einer Verwendung, die nicht der Zweckbestimmung der Leistung des DWD gerecht wird, sind beigegebene Quellenvermerke zu löschen. Das gilt insbesondere für Wetterwarnungen, wenn nicht sichergestellt ist, dass diese jederzeit vollständig und unverzüglich allen Nutzern zur Verfügung gestellt werden.<br />
 </p>
",['Umwelt und Klima'],historische_wetterdaten
d5e0cdd2-c32a-45a3-a177-748b19928b9b,Straßenverkehrsunfälle,https://offenedaten-konstanz.de/dataset/stra-enverkehrsunf-lle,https://offenedaten-konstanz.de/api/3/action/package_show?id=d5e0cdd2-c32a-45a3-a177-748b19928b9b,2020-08-06 18:24:42,2020-08-06 18:24:42,"<p>(Quelle: Unfallatlas der Statistischen Ämtern des Bundes und der Länder)</p>
<p>Straßenverkehrsunfälle sind Unfälle, bei denen infolge des Fahrverkehrs auf öffentlichen Wegen und Plätzen Personen getötet oder verletzt wurden oder Sachschaden entstanden ist. Der Unfallatlas enthält Unfälle mit Personenschaden. Unfälle, bei denen nur Sachschaden entstand, werden nicht dargestellt. Der Unfallatlas enthält Angaben aus der Statistik der Straßenverkehrsunfälle, die auf Meldungen der Polizeidienststellen basieren.</p>
<p>Die hier veröffentlichten CSV Daten wurden wie folgt behandelt:</p>
<ul>
<li>Es wurden nur die Unfälle in der Stadt Konstanz berücksichtigt.</li>
<li>Für jeden Unfall wurde eine eindeutige ID-Nummer erstellt.</li>
<li>Die Jahre 2016 bis 2019 wurden aggregiert.</li>
<li>Die Variable ""IstStrasse"" wurde nach 2017 in ""STRZUSTAND"" umbenannt. Aus Gründen der Konsistenz wurden beide für den gesamten Zeitraum mit ""STRZUSTAND"" bezeichnet.</li>
<li>Die Messungen sind die gleichen (0, 1, 2).</li>
<li>Die Variable ""LICHT"" wurde nach 2017 in ""ULICHTVERH"" umbenannt. Aus Gründen der Konsistenz wurden beide für den gesamten Zeitraum mit ""ULICHTVERH"" bezeichnet. Die Messungen sind die gleichen (0, 1, 2)</li>
<li>Der komplette Datensatz wurde auch in 6 weitere unterteilt, die jeweils Unfälle mit nur Fahrrädern, Personenkraftwagen, Fußgängern, Krafträdern, Güterkraftfahrzeugen und Sonstigen enthielten.</li>
<li>Jahr und Monat wurden in einer zusätzlichen Spalte zusammengefasst, um Zeitreihenvergleiche zu erleichtern.</li>
</ul>
<p>Variablen:</p>
<ul>
<li>UnfallID: eindeutige Nummer für jeden Unfall</li>
<li>Jahr-Monat: Jahr und Monat kombiniert 2016-1</li>
<li>UJAHR: Unfalljahr</li>
<li>UMONAT: Unfallmonat</li>
<li>USTUNDE: Unfallstunde</li>
<li>UWOCHENTAG: Wochentag (1 = Sonntag 2 = Montag 3 = Dienstag 4 = Mittwoch 5 = Donnerstag 6 = Freitag 7 = Samstag)</li>
<li>UKATEGORIE: Unfallkategorien (Kriterium der Zuordnung ist jeweils die schwerste Unfallfolge) 1 = Unfall mit Getöteten 2 = Unfall mit Schwerverletzten 3 = Unfall mit Leichtverletzten UART: Unfallart 1 = Zusammenstoß mit anfahrendem/ anhaltendem/ruhendem Fahrzeug 2 = Zusammenstoß mit vorausfahrendem / wartendem Fahrzeug 3 = Zusammenstoß mit seitlich in gleicher Richtung fahrendem Fahrzeug 4 = Zusammenstoß mit entgegenkommendem Fahrzeug 5 = Zusammenstoß mit einbiegendem / kreuzendemFahrzeug 6 = Zusammenstoß zwischen Fahrzeug und Fußgänger 7 = Aufprall auf Fahrbahnhindernis 8 = Abkommen von Fahrbahn nach rechts 9 = Abkommen von Fahrbahn nach links 0 = Unfall anderer Art</li>
<li>UTYP1: Unfalltyp 1 = Fahrunfall 2 = Abbiegeunfall 3 = Einbiegen / Kreuzen-Unfall 4 = Überschreiten-Unfall 5 = Unfall durch ruhenden Verkehr 6 = Unfall im Längsverkehr 7 = sonstiger Unfall</li>
<li>ULICHTVERH: Lichtverhältnisse 0 = Tageslicht 1 = Dämmerung 2 = Dunkelheit</li>
<li>IstRad: Unfall, an dem mindestens ein Fahrradbeteiligt war 0 = Unfall ohne Fahrradbeteiligung 1 = Unfall mit Fahrradbeteiligung</li>
<li>IstPKW Unfall mit Pkw: Unfall, an dem mindestens einPersonenkraftwagen beteiligt war 0 = Unfall ohne PKW-Beteiligung 1 = Unfall mit PKW-Beteiligung</li>
<li>IstFuss Unfall mit Fußgänger: Unfall, an dem mindestens eineFußgängerin oder ein Fußgängerbeteiligt war 0 = Unfall ohne Fußgängerbeteiligung 1 = Unfall mit Fußgängerbeteiligung</li>
<li>IstKrad Unfall mit Kraftrad: Unfall, an dem mindestens einKraftrad, wie z. B. Mofa, Motorrad/-roller beteiligt war 0 = Unfall ohne Kraftradbeteiligung 1 = Unfall mit Kraftradbeteiligung</li>
<li>IstGkfz: Unfall mit Güterkraftfahrzeug (GKFZ): Unfall, an demmindestens ein Lastkraftwagen mit Normalaufbau undeinem Gesamtgewicht über 3,5 t, ein Lastkraftwagen mit Tankauflage bzw. Spezialaufbau, eine Sattelzugmaschineoder eine andere Zugmaschine beteiligt war (diese Kategorie ist in den Jahren 2016 und 2017 in""Unfall mit Sonstigen"" enthalten) 0 = Unfall ohne Güterkraftfahrzeugbeteiligung 1 = Unfall mit Güterkraftfahrzeugbeteiligung</li>
<li>IstSonstige: Unfall mit Sonstigen: Unfall, an dem mindestens ein obennicht genanntes Verkehrsmittel beteiligt war, wie z. B. einBus oder eine Straßenbahn (2016 und 2017 einschließlich) Unfall mit Güterkraftfahrzeug (GKFZ), ab 2018 ohneUnfall mit GKFZ) 0 = Unfall ohne Beteiligung eines oben nicht genanntenVerkehrsmittels 1 = Unfall mit Beteiligung eines oben nicht genanntenVerkehrsmittels</li>
<li>LINREFX und LINREFY: Grafische Koordinate 1 undGrafische Koordinate 2LINREFX und LINREFYbilden die Koordinate desauf dem Straßenabschnittliegenden Unfallortes(UTM-Koordinate desReferenzsystems ETRS89,Zone 32N). XGCSWGS84und YGCSWGS84: Grafische Koordinate 1 und Grafische Koordinate 2 XGCSWGS84 und YGCSWGS84 bilden die Koordinate des auf dem Straßenabschnitt liegenden Unfallortes (Koordinate des Referenzsystems GK 3)</li>
</ul>
<p>Für weitere Erläuterungen siehe: <a href=""https://www.destatis.de/DE/Themen/Gesellschaft-Umwelt/Verkehrsunfaelle/Methoden/_inhalt.html#sprg371798"">https://www.destatis.de/DE/Themen/Gesellschaft-Umwelt/Verkehrsunfaelle/M...</a></p>
",['Transport und Verkehr'],strassenverkehrsunfaelle
afc99849-8eb0-4c1b-8902-fd19db2a9ac7,Kleiner Waffenschein,https://offenedaten-konstanz.de/dataset/kleiner-waffenschein,https://offenedaten-konstanz.de/api/3/action/package_show?id=afc99849-8eb0-4c1b-8902-fd19db2a9ac7,2020-08-27 08:44:50,2020-08-27 08:44:50,"<p class=""Paragraph SCXW211717105 BCX3"" paraeid=""{6f4b3948-30df-4591-9c91-540f112f8c05}{178}"" paraid=""1602895839"">Für den Umgang mit Waffen oder Munition ist in den meisten Fällen eine Erlaubnis erforderlich. Der ""kleine Waffenschein"" ist erforderlich, um eine Schreckschusswaffe, eine Reizstoffwaffe oder eine Signalwaffe mit PTB-Kennzeichnung zu führen. </p>
<p class=""Paragraph SCXW211717105 BCX3"" paraeid=""{6f4b3948-30df-4591-9c91-540f112f8c05}{190}"" paraid=""2064664907"">Nach dem Waffengesetz bedeutet den Begriff ""Führen""; die Ausübung der tatsächlichen Gewalt außerhalb der eigenen Wohnung, der eigenen Geschäftsräume, des eigenen befriedeten Besitztums (z.B. eingezäuntes Grundstück) oder einer Schießstätte. Die Voraussetzungen für den Kleinen Waffenschein sind: 1 - Mindestalter: 18 Jahre, 2 - Zuverlässigkeit, 3 - persönliche Eignung. Die zuständige Abteilung überprüft die Erfüllung der Anforderungen auf der Grundlage der von anderen öffentlichen Institutionen gelieferten Informationen.(<a href=""https://service.konstanz.de/Leistung-Detailansicht/?id=1175"">https://service.konstanz.de/Leistung-Detailansicht/?id=1175</a>) </p>
<p class=""Paragraph SCXW211717105 BCX3"" paraeid=""{6f4b3948-30df-4591-9c91-540f112f8c05}{250}"" paraid=""751536915"">(Quelle: Stadt Konstanz, Untere Waffenbehörde) </p>
<p aria-level=""3"" class=""Paragraph SCXW211717105 BCX3"" paraeid=""{08e13f56-48da-4b7a-b655-1a57f0502d69}{1}"" paraid=""1832347865"" role=""heading"">Rechtsgrundlage </p>
<ul class=""BulletListStyle1 SCXW211717105 BCX3"" role=""list"">
<li aria-setsize=""-1"" class=""OutlineElement Ltr SCXW211717105 BCX3"" data-aria-level=""1"" data-aria-posinset=""1"" data-font=""Symbol"" data-leveltext="""" data-listid=""2"" role=""listitem"">
<p class=""Paragraph SCXW211717105 BCX3"" paraeid=""{08e13f56-48da-4b7a-b655-1a57f0502d69}{7}"" paraid=""539608185""><a class=""Hyperlink SCXW211717105 BCX3"" href=""http://www.landesrecht-bw.de/jportal/?quelle=jlink&amp;query=WaffG+%C2%A7+4&amp;psml=bsbawueprod.psml&amp;max=true"" rel=""noreferrer noopener"" target=""_blank"">§ 4 Waffengesetz (WaffG) (Voraussetzungen für eine Erlaubnis)</a> </p>
</li>
</ul>
<ul class=""BulletListStyle1 SCXW211717105 BCX3"" role=""list"">
<li aria-setsize=""-1"" class=""OutlineElement Ltr SCXW211717105 BCX3"" data-aria-level=""1"" data-aria-posinset=""1"" data-font=""Symbol"" data-leveltext="""" data-listid=""2"" role=""listitem"">
<p class=""Paragraph SCXW211717105 BCX3"" paraeid=""{08e13f56-48da-4b7a-b655-1a57f0502d69}{15}"" paraid=""870092004""><a class=""Hyperlink SCXW211717105 BCX3"" href=""http://www.landesrecht-bw.de/jportal/?quelle=jlink&amp;query=WaffG+%C2%A7+5&amp;psml=bsbawueprod.psml&amp;max=true"" rel=""noreferrer noopener"" target=""_blank"">§ 5 Waffengesetz (WaffG) (Zuverlässigkeit)</a> </p>
</li>
<li aria-setsize=""-1"" class=""OutlineElement Ltr SCXW211717105 BCX3"" data-aria-level=""1"" data-aria-posinset=""2"" data-font=""Symbol"" data-leveltext="""" data-listid=""2"" role=""listitem"">
<p class=""Paragraph SCXW211717105 BCX3"" paraeid=""{08e13f56-48da-4b7a-b655-1a57f0502d69}{23}"" paraid=""790975729""><a class=""Hyperlink SCXW211717105 BCX3"" href=""http://www.landesrecht-bw.de/jportal/?quelle=jlink&amp;query=WaffG+%C2%A7+6&amp;psml=bsbawueprod.psml&amp;max=true"" rel=""noreferrer noopener"" target=""_blank"">§ 6 Waffengesetz (WaffG) (Persönliche Eignung)</a> </p>
</li>
<li aria-setsize=""-1"" class=""OutlineElement Ltr SCXW211717105 BCX3"" data-aria-level=""1"" data-aria-posinset=""3"" data-font=""Symbol"" data-leveltext="""" data-listid=""2"" role=""listitem"">
<p class=""Paragraph SCXW211717105 BCX3"" paraeid=""{08e13f56-48da-4b7a-b655-1a57f0502d69}{31}"" paraid=""739489288""><a class=""Hyperlink SCXW211717105 BCX3"" href=""http://www.landesrecht-bw.de/jportal/?quelle=jlink&amp;query=WaffG+%C2%A7+10&amp;psml=bsbawueprod.psml&amp;max=true"" rel=""noreferrer noopener"" target=""_blank"">§ 10 Waffengesetz (WaffG) (Erteilung von Erlaubnissen)</a> </p>
</li>
<li aria-setsize=""-1"" class=""OutlineElement Ltr SCXW211717105 BCX3"" data-aria-level=""1"" data-aria-posinset=""4"" data-font=""Symbol"" data-leveltext="""" data-listid=""2"" role=""listitem"">
<p class=""Paragraph SCXW211717105 BCX3"" paraeid=""{08e13f56-48da-4b7a-b655-1a57f0502d69}{39}"" paraid=""711925631""><a class=""Hyperlink SCXW211717105 BCX3"" href=""http://www.landesrecht-bw.de/jportal/?quelle=jlink&amp;query=WaffG+%C2%A7+36&amp;psml=bsbawueprod.psml&amp;max=true"" rel=""noreferrer noopener"" target=""_blank"">§ 36 Waffengesetz (WaffG) (Aufbewahren von Waffen und Munition)</a> </p>
</li>
<li aria-setsize=""-1"" class=""OutlineElement Ltr SCXW211717105 BCX3"" data-aria-level=""1"" data-aria-posinset=""5"" data-font=""Symbol"" data-leveltext="""" data-listid=""2"" role=""listitem"">
<p class=""Paragraph SCXW211717105 BCX3"" paraeid=""{08e13f56-48da-4b7a-b655-1a57f0502d69}{47}"" paraid=""1819760322""><a class=""Hyperlink SCXW211717105 BCX3"" href=""http://www.landesrecht-bw.de/jportal?quelle=purl&amp;query=Anlage+2+WaffG+2002&amp;psml=bsbawueprod.psml&amp;doktyp=Gesetze&amp;max=true"" rel=""noreferrer noopener"" target=""_blank"">Anlage 2 zu § 2 Abs. 2 bis 4 Waffengesetz (WaffG) - Waffenliste</a> </p>
</li>
</ul>
",['Gesetze und Justiz'],kleiner_waffenschein
dc37dce2-1550-4257-a896-e1056062b37c,Geschwindigkeitsüberwachung Jahresstatistik,https://offenedaten-konstanz.de/dataset/geschwindigkeits-berwachung-jahresstatistik,https://offenedaten-konstanz.de/api/3/action/package_show?id=dc37dce2-1550-4257-a896-e1056062b37c,2020-01-10 08:30:58,2020-01-10 08:30:58,"<p>Erfasste Bußgeldtatbestände der städtischen Geschwindigkeitsüberwachung über die 12 Monaten eines gesamtes Jahres. Neben der Gesamtstatistik für die Stadt Konstanz, sind Statistiken für folgende stationäre Radarstationen enthalten:</p>
<ul>
<li>Untere Laube</li>
<li>Gartenstraße</li>
<li>Steinstraße</li>
<li>Mainaustraße</li>
<li>Im Loh</li>
<li>Reichenaustraße/Moschee</li>
<li>Reichenaustraße/Casino</li>
<li>Reichenaustraße/Neue Rheinbrücke</li>
</ul>
<p>(Quelle: Stadt Konstanz, Bürgeramt)</p>
","['Gesetze und Justiz', 'Transport und Verkehr']",geschwindigkeitsueberwachung
b5ddf98d-52bc-4677-ad72-939192a5d5a9,Standorte Konstanz WLAN,https://offenedaten-konstanz.de/dataset/standorte-konstanz-wlan,https://offenedaten-konstanz.de/api/3/action/package_show?id=b5ddf98d-52bc-4677-ad72-939192a5d5a9,2019-04-09 15:38:49,2019-04-09 15:38:49,"<p>An vielen Orten in Konstanz können Sie sich seit November 2015 kostenlos im ""KonstanzWLAN"" einloggen. Wo sich die kostenlose Hot-Spots befinden zeigt dieser Datensatz.</p>
<p>Hier gelangen Sie zu dem Angebot der Stadtwerke Konstanz: <a href=""https://www.stadtwerke-konstanz.de/telekommunikation/konstanz-wlan/"" target=""_blank"">https://www.stadtwerke-konstanz.de/telekommunikation/konstanz-wlan/</a></p>
<p>(Quelle: Stadtwerke Konstanz GmbH)</p>
<p> </p>
","['Infrastruktur, Bauen und Wohnen']",standorte_wlan
67e37de3-ba6e-44fc-8e07-0884b1b4d61c,Einwohnerentwicklung Stadt Konstanz,https://offenedaten-konstanz.de/dataset/einwohnerentwicklung-stadt-konstanz,https://offenedaten-konstanz.de/api/3/action/package_show?id=67e37de3-ba6e-44fc-8e07-0884b1b4d61c,2019-04-09 14:45:22,2019-04-09 14:45:22,"<p>Wie hat sich die Einwohnerzahl in der Stadt Konstanz seit 1975 entwickelt? Der Datensatz enthält die Einwohnerzahl (Wohnbevölkerung = Hauptwohnsitz) insgesamt und nach Staatsangehörigkeit (Deutsch, Ausländer) ab dem Jahr 1975.</p>
<p>(Quelle: Stadt Konstanz, Referat Oberbürgermeister - Statistik und Steuerungsunterstützung)</p>
",['Bevölkerung'],einwohnerentwicklung
2ae41c2c-6001-47a3-80b5-3ba437308ec8,"Städtische Umfrage im Projekt ""Klimaschutzdaten für Konstanz""",https://offenedaten-konstanz.de/dataset/st-dtische-umfrage-im-projekt-klimaschutzdaten-f-r-konstanz,https://offenedaten-konstanz.de/api/3/action/package_show?id=2ae41c2c-6001-47a3-80b5-3ba437308ec8,2020-08-12 16:18:21,2020-08-12 16:18:21,"<p>Vom 01.07.2020 bis 17.07.2020 lief im Rahmen des Projekts «Klimaschutzdaten für Konstanz» eine Umfrage bei Mitarbeiter*innen der Stadt Konstanz, die in klimaschutzrelevanten Fachbereichen arbeiten oder in der Task Force Klima tätig sind. Die Umfrage fokussiert sich darauf, wie die Mitarbeiter*innen die Themen frei nutzbare und maschinenlesbare Daten, klimaschutzrelevante Daten und Datenverwaltung bewerten. Das Projekt wird im Rahmen des Landeswettbewerbs «Städte, Gemeinden und Landkreise 4.0 – Future Communities 2019» des Ministeriums für Inneres, Digitales und Migration Baden-Württemberg gefördert. Seit Januar 2020 wird erforscht, wie kommunale offene Daten Wirkungen im kommunalen Klimaschutz entfachen können.</p>
<p>Die Umfrage wurde von einer Master-Studierenden an der Universität Konstanz im Studiengang Politik- und Verwaltungswissenschaften, die dieses Projekt wissenschaftlich begleitet, entworfen. Weitere Informationen zum Projekt «Klimaschutzdaten für Konstanz» (bspw. einen Projektflyer) finden Sie auf unserer Projektwebsite: <a href=""https://www.digitales-konstanz.de/Foerderprojekte/"">https://www.digitales-konstanz.de/Foerderprojekte/</a>. Dort finden Sie in Kürze auch die Ergebnisse der Umfrage.</p>
<p>(Quelle: Stadt Konstanz, Referat Oberbürgermeister, Abteilung Statistik und Steuerungsunterstützung)</p>
","['Umwelt und Klima', 'Verwaltung, Haushalt und Steuern']",umfrage_klimaschutz
db8d5dc2-b740-45cf-9c42-c0fa8e271051,Modal Split ,https://offenedaten-konstanz.de/dataset/modal-split,https://offenedaten-konstanz.de/api/3/action/package_show?id=db8d5dc2-b740-45cf-9c42-c0fa8e271051,2020-08-13 11:41:19,2020-08-13 11:41:19,"<p>Der Modal Split ist eine statistische Berechnung, die beschreibt, wie sich der Verkehr auf die verschiedenen Verkehrsmittel (zu Fuß, mit dem Rad, ÖPNV, oder den motorisierten Individualverkehr) verteilt. <br />
Unterschieden wird dabei zwischen <strong>Gesamtverkehr </strong>(Besteht aus Binnen- und Quell-/ Zielverkehr sowie Durchgangs- und Tangentialverkehr. Bei der Untersuchung Mobilität in Städten wurde nur der Gesamtverkehr der Konstanzer Bevölkerung untersucht, d.h. keine Einpendler, keine Besucher, kein Durchgangsverkehr), <strong>Binnenverkehr </strong>(Wege, die Quelle und Ziel innerhalb der Stadt haben) und Quell/Zielverkehr (Dass heißt Wege, die entweder ihr Ziel oder ihre Quelle innerhalb der Stadt haben).<br />
Die Daten sollen perspektivisch alle 5 Jahre erhoben werden. Die erste Erhebung aus dem Jahr 1997 wurde von Socialdata durchgeführt, ebenso die zweite Erhebung aus dem Jahr 2007. Im Jahr 2018 hat die Technische Universität Dresden die Daten erhoben.</p>
<p>Weitere Informationen zum Modal Split und der städtischen Verkehrsplanung finden Sie <a href=""https://www.konstanz.de/stadt+gestalten/verkehrsplanung/verkehrszaehlungen+und+mobilitaetserhebungen/srv+2018+-+mobilitaet+in+staedten"">hier</a>.</p>
<p>(Quelle: Stadt Konstanz, Amt für Stadtplanung und Umwelt)</p>
","['Umwelt und Klima', 'Transport und Verkehr']",modal_split
591d86a9-9626-46af-8d93-a25da74040bc,Konstanzer Einwohner nach Stadtvierteln,https://offenedaten-konstanz.de/dataset/konstanzer-einwohner-nach-stadtvierteln,https://offenedaten-konstanz.de/api/3/action/package_show?id=591d86a9-9626-46af-8d93-a25da74040bc,2018-11-23 09:38:33,2018-11-23 09:38:33,"<p>Einwohner nach Stadtviertel in der Stadt Konstanz ab 2010. Der Datensatz enthält die Einwohner nach Stadtviertel in der Stadt Konstanz für die Jahre ab 2010.<br />
Basis ist die eigene Einwohnerfortschreibung jeweils zum 31.12. eines Jahres.<br />
Die Stadt Konstanz ist 51 Stadtviertel eingeteilt. Das Stadtviertel 100 2 in Egg umfasst die Universität Konstanz, hier sind keine EinwohnerInnen gemeldet. </p>
<p>Quelle: Stadt Konstanz, Referat Oberbürgermeister - Statistik und Steuerungsunterstützung (Eigene Einwohnerfortschreibung)</p>
",['Bevölkerung'],einwohner
2cece95e-1dc8-4d56-8125-c1c152eb96c2,Öffentliche Papiereimer - Stadt Konstanz,https://offenedaten-konstanz.de/dataset/ffentliche-papiereimer-stadt-konstanz,https://offenedaten-konstanz.de/api/3/action/package_show?id=2cece95e-1dc8-4d56-8125-c1c152eb96c2,2019-07-11 14:10:18,2019-07-11 14:10:18,"<p>Die Daten file enthält den Standort aller Papiereimer (öffentlichen Mülleimer) in Stadt Konstanz. Das Format dieser Daten ist ein Punkt-Shapefile mit dem projizierten Koordinatensystem „ETRS_1989_UTM_Zone_32N“. Die Entleerung dieser Papiereimer im öffentlichen Raum liegt im Aufgabenbereich der <a href=""https://www.konstanz.de/start/leben+in+konstanz/technische+betriebe.html"" target=""_blank"">Technischen Betriebe Konstanz</a>.</p>
<p><strong>Datum der letzten Aktualisierung: 09.07.2019.</strong></p>
","['Geo', 'Umwelt und Klima']",oeffentliche_papiereimer
75395570-1de4-4227-ad43-ecdc2cf0e74d,KFZ-Statistik Konstanz ,https://offenedaten-konstanz.de/dataset/kfz-statistik-konstanz,https://offenedaten-konstanz.de/api/3/action/package_show?id=75395570-1de4-4227-ad43-ecdc2cf0e74d,2019-04-16 09:40:38,2019-04-16 09:40:38,"<p>Dieser Datensatz stellt den Kraftfahrzeug (KFZ) Bestand in den Konstanzer Stadtteilen dar. </p>
<p>Neben des KFZ-Bestandes nach Stadtteilen und Merkmalen (bspw. Schadstoffklassen und Antriebsarten) gibt es u.a. auch eine interessante Zeitreihe für die städtische Entwicklung seit 1983.</p>
<p>Quelle: Kraftfahrt-Bundesamt; Stadt Konstanz Referat Oberbügermeister - Statistik und Steuerungsunterstützung. </p>
",['Transport und Verkehr'],kfz_statistik
